<?xml version="1.0" encoding="UTF-8"?>
<root>
  <item name="com.pixplicity.sharp.Sharp void setLogLevel(int) 0">
    <annotation name="androidx.annotation.IntDef">
      <val name="value" val="{com.pixplicity.sharp.Sharp.LOG_LEVEL_ERROR, com.pixplicity.sharp.Sharp.LOG_LEVEL_WARN, com.pixplicity.sharp.Sharp.LOG_LEVEL_INFO}" />
    </annotation>
  </item>
  <item name="com.pixplicity.sharp.Sharp.LogLevel">
    <annotation name="androidx.annotation.IntDef">
      <val name="value" val="{com.pixplicity.sharp.Sharp.LOG_LEVEL_ERROR, com.pixplicity.sharp.Sharp.LOG_LEVEL_WARN, com.pixplicity.sharp.Sharp.LOG_LEVEL_INFO}" />
    </annotation>
  </item>
</root>

